shot,diagnostic,signal_name,label,units,source_file,dataset_path,time_dataset_path,time_discovery_method,data_time_length_match,observations,finite_observations,nan_count,inf_count,zero_count,negative_count,minimum,maximum,mean,median,std_dev,time_found,time_observations,time_start,time_end,duration_s,median_timestep_s,min_timestep_s,max_timestep_s,duplicate_time_count,missing_pct,finite_pct,time_quality
27929,AMC,AMC_PLASMA CURRENT,Plasma Current,kA,amc27929.nc,amc/plasma_current/data,/time,HDF5 dimension reference,True,30000,30000,0,0,0,20531,-36.65294647216797,624.4273681640625,36.00191326400343,-0.19411569088697433,135.8551741235617,True,30000,-1.999900221824646,3.9998996266076574,5.999799848432303,0.00019999999494757503,0.00019999999494757503,0.00019999999494757503,0,0.0,100.0,OK
27929,ANB,ANB_SS_SUM_POWER,,MW,anb27929.nc,anb/ss_sum_power/data,/time,HDF5 dimension reference,True,37001,37001,0,0,0,0,0.00013852145639248192,0.0010754455579444766,0.00048101025402218667,0.0004652971401810646,0.00015299590841039328,True,37001,-0.5,1.349999953265069,1.849999953265069,4.999999873689376e-05,4.999999873689376e-05,4.999999873689376e-05,0,0.0,100.0,OK
27929,ANB,ANB_SW_SUM_POWER,,MW,anb27929.nc,anb/sw_sum_power/data,/anb/sw_sum_power/time,HDF5 dimension reference,True,2,2,0,0,2,0,0.0,0.0,0.0,0.0,0.0,True,2,0.0,1.0,1.0,1.0,1.0,1.0,0,0.0,100.0,OK
27929,ANB,ANB_TOT_SUM_POWER,,MW,anb27929.nc,anb/tot_sum_power/data,/time,HDF5 dimension reference,True,37001,37001,0,0,0,0,0.00013852145639248192,0.0010754455579444766,0.00048101025402218667,0.0004652971401810646,0.00015299590841039328,True,37001,-0.5,1.349999953265069,1.849999953265069,4.999999873689376e-05,4.999999873689376e-05,4.999999873689376e-05,0,0.0,100.0,OK
27929,ANU,ANU_ERRORS,errors,"error, neutr",anu27929.nc,anu/errors/data,/anu/errors/time,HDF5 dimension reference,True,300,300,0,0,296,0,0.0,1332805504.0,8581238.4,0.0,89397992.96508156,True,300,-0.09749999642372131,1.3974999701604247,1.494999966584146,0.004999999888241291,0.004999999888241291,0.004999999888241291,0,0.0,100.0,OK
27929,ANU,ANU_NEUTRONS,neutrons,neutrons/sec,anu27929.nc,anu/neutrons/data,/anu/neutrons/time,HDF5 dimension reference,True,300,300,0,0,296,0,0.0,14540503040.0,88843279.36,0.0,956612768.1253642,True,300,-0.09749999642372131,1.3974999701604247,1.494999966584146,0.004999999888241291,0.004999999888241291,0.004999999888241291,0,0.0,100.0,OK
27929,ANU,ANU_NEUTRONS_CB,neutrons_cb,neutrons/sec,anu27929.nc,anu/neutrons_cb/data,/time,HDF5 dimension reference,True,122880,122880,0,0,0,122880,-61413101568.0,-60463456256.0,-61005653686.96667,-61012066304.0,159782856.8232824,True,122880,-0.10000000149011612,1.1287899674680375,1.2287899689581536,9.999999747378752e-06,9.999999747378752e-06,9.999999747378752e-06,0,0.0,100.0,OK
27929,ANU,ANU_NEUTRONS_DC,neutrons_dc,neutrons/sec,anu27929.nc,anu/neutrons_dc/data,/anu/neutrons_dc/time,HDF5 dimension reference,True,118881,118881,0,0,0,42215,-4551655555072.0,6363314913280.0,793248425546.0646,791107731456.0,2207768072943.898,True,118881,-0.08000000566244125,1.1087999643059447,1.188799969968386,9.999999747378752e-06,9.999999747378752e-06,9.999999747378752e-06,0,0.0,100.0,OK
27930,AMC,AMC_PLASMA CURRENT,Plasma Current,kA,amc27930 (2).nc,amc/plasma_current/data,/time,HDF5 dimension reference,True,30000,30000,0,0,0,19659,-30.844818115234375,713.8728637695312,42.984162295738244,-0.23217599093914032,154.658913316029,True,30000,-1.999900221824646,3.9998996266076574,5.999799848432303,0.00019999999494757503,0.00019999999494757503,0.00019999999494757503,0,0.0,100.0,OK
27930,ANB,ANB_SS_SUM_POWER,,MW,anb27930 (1).nc,anb/ss_sum_power/data,/time,HDF5 dimension reference,True,50001,50001,0,0,0,13,-0.03008127026259899,1.7637157440185547,0.19613285513772238,0.000521872250828892,0.5040760430533232,True,50001,-0.5,1.999999936844688,2.499999936844688,4.999999873689376e-05,4.999999873689376e-05,4.999999873689376e-05,0,0.0,100.0,OK
27930,ANB,ANB_SW_SUM_POWER,,MW,anb27930 (1).nc,anb/sw_sum_power/data,/anb/sw_sum_power/time,HDF5 dimension reference,True,2,2,0,0,2,0,0.0,0.0,0.0,0.0,0.0,True,2,0.0,1.0,1.0,1.0,1.0,1.0,0,0.0,100.0,OK
27930,ANB,ANB_TOT_SUM_POWER,,MW,anb27930 (1).nc,anb/tot_sum_power/data,/time,HDF5 dimension reference,True,50001,50001,0,0,0,13,-0.03008127026259899,1.7637157440185547,0.19613285513772238,0.000521872250828892,0.5040760430533232,True,50001,-0.5,1.999999936844688,2.499999936844688,4.999999873689376e-05,4.999999873689376e-05,4.999999873689376e-05,0,0.0,100.0,OK
27930,ANU,ANU_ERRORS,errors,"error, neutr",anu27930 (1).nc,anu/errors/data,/anu/errors/time,HDF5 dimension reference,True,32233,32233,0,0,224,0,0.0,5215817826304.0,3140609641050.968,3267931144192.0,1203050721615.7964,True,32233,-0.09749999642372131,1.3974999571219087,1.49499995354563,9.999999747378752e-06,9.999999747378752e-06,0.004999999888241291,0,0.0,100.0,OK
27930,ANU,ANU_NEUTRONS,neutrons,neutrons/sec,anu27930 (1).nc,anu/neutrons/data,/anu/neutrons/time,HDF5 dimension reference,True,32233,32233,0,0,224,337,-57556586496.0,61972481572864.0,37182141819972.766,38700767510528.0,14366527137282.889,True,32233,-0.09749999642372131,1.3974999571219087,1.49499995354563,9.999999747378752e-06,9.999999747378752e-06,0.004999999888241291,0,0.0,100.0,OK
27930,ANU,ANU_NEUTRONS_CB,neutrons_cb,neutrons/sec,anu27930 (1).nc,anu/neutrons_cb/data,/time,HDF5 dimension reference,True,122880,122880,0,0,0,90028,-61247848448.0,61972481572864.0,9710694708726.084,-60771827712.0,17958209314214.965,True,122880,-0.10000000149011612,1.1287899674680375,1.2287899689581536,9.999999747378752e-06,9.999999747378752e-06,9.999999747378752e-06,0,0.0,100.0,OK
27930,ANU,ANU_NEUTRONS_DC,neutrons_dc,neutrons/sec,anu27930 (1).nc,anu/neutrons_dc/data,/anu/neutrons_dc/time,HDF5 dimension reference,True,118881,118881,0,0,0,29152,-4334146289664.0,61286792560640.0,10813652828700.799,2057503244288.0,18006297968577.977,True,118881,-0.08000000566244125,1.1087999643059447,1.188799969968386,9.999999747378752e-06,9.999999747378752e-06,9.999999747378752e-06,0,0.0,100.0,OK
27931,AMC,AMC_PLASMA CURRENT,Plasma Current,kA,amc27931.nc,amc/plasma_current/data,/time,HDF5 dimension reference,True,30000,30000,0,0,0,20267,-37.745330810546875,668.4049072265625,30.70464082661664,-0.22520586103200912,131.15009782556953,True,30000,-1.999900221824646,3.9998996266076574,5.999799848432303,0.00019999999494757503,0.00019999999494757503,0.00019999999494757503,0,0.0,100.0,OK
27931,ANB,ANB_SS_SUM_POWER,,MW,anb27931.nc,anb/ss_sum_power/data,/time,HDF5 dimension reference,True,37001,37001,0,0,0,0,0.00012500867887865752,0.0011024305131286383,0.0004911519034701144,0.00047440791968256235,0.00017958866452501938,True,37001,-0.5,1.349999953265069,1.849999953265069,4.999999873689376e-05,4.999999873689376e-05,4.999999873689376e-05,0,0.0,100.0,OK
27931,ANB,ANB_SW_SUM_POWER,,MW,anb27931.nc,anb/sw_sum_power/data,/anb/sw_sum_power/time,HDF5 dimension reference,True,2,2,0,0,2,0,0.0,0.0,0.0,0.0,0.0,True,2,0.0,1.0,1.0,1.0,1.0,1.0,0,0.0,100.0,OK
27931,ANB,ANB_TOT_SUM_POWER,,MW,anb27931.nc,anb/tot_sum_power/data,/time,HDF5 dimension reference,True,37001,37001,0,0,0,0,0.00012500867887865752,0.0011024305131286383,0.0004911519034701144,0.00047440791968256235,0.00017958866452501938,True,37001,-0.5,1.349999953265069,1.849999953265069,4.999999873689376e-05,4.999999873689376e-05,4.999999873689376e-05,0,0.0,100.0,OK
27931,ANU,ANU_ERRORS,errors,"error, neutr",anu27931 (1).nc,anu/errors/data,/anu/errors/time,HDF5 dimension reference,True,300,300,0,0,293,0,0.0,4503298048.0,21865072.96,0.0,264971888.88667405,True,300,-0.09749999642372131,1.3974999701604247,1.494999966584146,0.004999999888241291,0.004999999888241291,0.004999999888241291,0,0.0,100.0,OK
27931,ANU,ANU_NEUTRONS,neutrons,neutrons/sec,anu27931 (1).nc,anu/neutrons/data,/anu/neutrons/time,HDF5 dimension reference,True,300,300,0,0,293,0,0.0,50968256512.0,234491178.66666666,0.0,2984591182.727254,True,300,-0.09749999642372131,1.3974999701604247,1.494999966584146,0.004999999888241291,0.004999999888241291,0.004999999888241291,0,0.0,100.0,OK
27931,ANU,ANU_NEUTRONS_CB,neutrons_cb,neutrons/sec,anu27931 (1).nc,anu/neutrons_cb/data,/time,HDF5 dimension reference,True,122880,122880,0,0,0,122880,-61476028416.0,-60488306688.0,-61036686482.76667,-61048025088.0,166542723.26546562,True,122880,-0.10000000149011612,1.1287899674680375,1.2287899689581536,9.999999747378752e-06,9.999999747378752e-06,9.999999747378752e-06,0,0.0,100.0,OK
27931,ANU,ANU_NEUTRONS_DC,neutrons_dc,neutrons/sec,anu27931 (1).nc,anu/neutrons_dc/data,/anu/neutrons_dc/time,HDF5 dimension reference,True,118881,118881,0,0,0,41762,-4581318197248.0,6202541998080.0,786946496471.981,794223247360.0,2135752514138.5183,True,118881,-0.08000000566244125,1.1087999643059447,1.188799969968386,9.999999747378752e-06,9.999999747378752e-06,9.999999747378752e-06,0,0.0,100.0,OK
27932,AMC,AMC_PLASMA CURRENT,Plasma Current,kA,amc27932.nc,amc/plasma_current/data,/time,HDF5 dimension reference,True,30000,30000,0,0,0,21369,-27.027408599853516,746.7601928710938,45.3863398845843,-0.3050985038280487,159.23931057480902,True,30000,-1.999900221824646,3.9998996266076574,5.999799848432303,0.00019999999494757503,0.00019999999494757503,0.00019999999494757503,0,0.0,100.0,OK
27932,ANB,ANB_SS_SUM_POWER,,MW,anb27932.nc,anb/ss_sum_power/data,/time,HDF5 dimension reference,True,50001,50001,0,0,0,10,-0.03815767168998718,1.6453944444656372,0.22012523688055113,0.0005396472406573594,0.5286588942918663,True,50001,-0.5,1.999999936844688,2.499999936844688,4.999999873689376e-05,4.999999873689376e-05,4.999999873689376e-05,0,0.0,100.0,OK
27932,ANB,ANB_SW_SUM_POWER,,MW,anb27932.nc,anb/sw_sum_power/data,/anb/sw_sum_power/time,HDF5 dimension reference,True,2,2,0,0,2,0,0.0,0.0,0.0,0.0,0.0,True,2,0.0,1.0,1.0,1.0,1.0,1.0,0,0.0,100.0,OK
27932,ANB,ANB_TOT_SUM_POWER,,MW,anb27932.nc,anb/tot_sum_power/data,/time,HDF5 dimension reference,True,50001,50001,0,0,0,10,-0.03815767168998718,1.6453944444656372,0.22012523688055113,0.0005396472406573594,0.5286588942918663,True,50001,-0.5,1.999999936844688,2.499999936844688,4.999999873689376e-05,4.999999873689376e-05,4.999999873689376e-05,0,0.0,100.0,OK
27932,ANU,ANU_ERRORS,errors,"error, neutr",anu27932.nc,anu/errors/data,/anu/errors/time,HDF5 dimension reference,True,35726,35726,0,0,218,0,0.0,5503367774208.0,3203840182000.366,3329295122432.0,1104948820481.8574,True,35726,-0.09749999642372131,1.3974999729543924,1.4949999693781137,9.999999747378752e-06,9.999999747378752e-06,0.004999999888241291,0,0.0,100.0,OK
27932,ANU,ANU_NEUTRONS,neutrons,neutrons/sec,anu27932.nc,anu/neutrons/data,/anu/neutrons/time,HDF5 dimension reference,True,35726,35726,0,0,218,50,-50259935232.0,65407884984320.0,37937256643840.6,39433889906688.0,13194662265809.496,True,35726,-0.09749999642372131,1.3974999729543924,1.4949999693781137,9.999999747378752e-06,9.999999747378752e-06,0.004999999888241291,0,0.0,100.0,OK
27932,ANU,ANU_NEUTRONS_CB,neutrons_cb,neutrons/sec,anu27932.nc,anu/neutrons_cb/data,/time,HDF5 dimension reference,True,122880,122880,0,0,0,85975,-61379805184.0,65407884984320.0,10989339313051.55,-60839833600.0,18662741178127.074,True,122880,-0.10000000149011612,1.1287899674680375,1.2287899689581536,9.999999747378752e-06,9.999999747378752e-06,9.999999747378752e-06,0,0.0,100.0,OK
27932,ANU,ANU_NEUTRONS_DC,neutrons_dc,neutrons/sec,anu27932.nc,anu/neutrons_dc/data,/anu/neutrons_dc/time,HDF5 dimension reference,True,118881,118881,0,0,0,28514,-4317490708480.0,62122893508608.0,12044927882363.305,2172492316672.0,18627332428239.34,True,118881,-0.08000000566244125,1.1087999643059447,1.188799969968386,9.999999747378752e-06,9.999999747378752e-06,9.999999747378752e-06,0,0.0,100.0,OK
27933,AMC,AMC_PLASMA CURRENT,Plasma Current,kA,amc27933.nc,amc/plasma_current/data,/time,HDF5 dimension reference,True,30000,30000,0,0,0,22958,-34.22605895996094,929.7494506835938,32.959911648797835,-0.37921757996082306,137.06385063218602,True,30000,-1.999900221824646,3.9998996266076574,5.999799848432303,0.00019999999494757503,0.00019999999494757503,0.00019999999494757503,0,0.0,100.0,OK
27933,ANB,ANB_SS_SUM_POWER,,MW,anb27933.nc,anb/ss_sum_power/data,/time,HDF5 dimension reference,True,50001,50001,0,0,0,8,-0.029985249042510986,1.7379273176193237,0.14739879006707238,0.0005192022654227912,0.44523806015403583,True,50001,-0.5,1.999999936844688,2.499999936844688,4.999999873689376e-05,4.999999873689376e-05,4.999999873689376e-05,0,0.0,100.0,OK
27933,ANB,ANB_SW_SUM_POWER,,MW,anb27933.nc,anb/sw_sum_power/data,/time,HDF5 dimension reference,True,50001,50001,0,0,0,45215,-0.00022622679534833878,1.615267276763916,0.11211809682213898,-5.748427429352887e-05,0.386459150213744,True,50001,-0.5,1.999999936844688,2.499999936844688,4.999999873689376e-05,4.999999873689376e-05,4.999999873689376e-05,0,0.0,100.0,OK
27933,ANB,ANB_TOT_SUM_POWER,,MW,anb27933.nc,anb/tot_sum_power/data,/time,HDF5 dimension reference,True,50001,50001,0,0,0,24,-0.029992317780852318,3.240414619445801,0.2595168870425311,0.00045185760245658457,0.806794270230921,True,50001,-0.5,1.999999936844688,2.499999936844688,4.999999873689376e-05,4.999999873689376e-05,4.999999873689376e-05,0,0.0,100.0,OK
27933,ANU,ANU_ERRORS,errors,"error, neutr",anu27933.nc,anu/errors/data,/anu/errors/time,HDF5 dimension reference,True,23750,23750,0,0,242,0,0.0,7804748300288.0,5032711040831.794,5739025268736.0,1973835360779.6638,True,23750,-0.09749999642372131,1.3974999655038118,1.4949999619275331,9.999999747378752e-06,9.999999747378752e-06,0.004999999888241291,0,0.0,100.0,OK
27933,ANU,ANU_NEUTRONS,neutrons,neutrons/sec,anu27933.nc,anu/neutrons/data,/anu/neutrons/time,HDF5 dimension reference,True,23750,23750,0,0,242,45,-50192539648.0,92902852132864.0,59788525546034.555,68223328321536.0,23572456837521.76,True,23750,-0.09749999642372131,1.3974999655038118,1.4949999619275331,9.999999747378752e-06,9.999999747378752e-06,0.004999999888241291,0,0.0,100.0,OK
27933,ANU,ANU_NEUTRONS_CB,neutrons_cb,neutrons/sec,anu27933.nc,anu/neutrons_cb/data,/time,HDF5 dimension reference,True,122880,122880,0,0,0,98188,-61331705856.0,92902852132864.0,11511088512616.066,-60918403072.0,25803138461204.97,True,122880,-0.10000000149011612,1.1287899674680375,1.2287899689581536,9.999999747378752e-06,9.999999747378752e-06,9.999999747378752e-06,0,0.0,100.0,OK
27933,ANU,ANU_NEUTRONS_DC,neutrons_dc,neutrons/sec,anu27933.nc,anu/neutrons_dc/data,/anu/neutrons_dc/time,HDF5 dimension reference,True,118881,118881,0,0,0,32050,-4209598529536.0,90812931112960.0,12994872819107.666,1592052940800.0,26723005717735.316,True,118881,-0.08000000566244125,1.1087999643059447,1.188799969968386,9.999999747378752e-06,9.999999747378752e-06,9.999999747378752e-06,0,0.0,100.0,OK
27934,AMC,AMC_PLASMA CURRENT,Plasma Current,kA,amc27934.nc,amc/plasma_current/data,/time,HDF5 dimension reference,True,30000,30000,0,0,0,19363,-28.231422424316406,795.0078735351562,47.39371642635398,-0.2119290754199028,161.67302758425663,True,30000,-1.999900221824646,3.9998996266076574,5.999799848432303,0.00019999999494757503,0.00019999999494757503,0.00019999999494757503,0,0.0,100.0,OK
27934,ANB,ANB_SS_SUM_POWER,,MW,anb27934.nc,anb/ss_sum_power/data,/time,HDF5 dimension reference,True,50001,50001,0,0,0,7,-0.037282224744558334,1.6535022258758545,0.2351720512629778,0.0005548166809603572,0.5437153912539592,True,50001,-0.5,1.999999936844688,2.499999936844688,4.999999873689376e-05,4.999999873689376e-05,4.999999873689376e-05,0,0.0,100.0,OK
27934,ANB,ANB_SW_SUM_POWER,,MW,anb27934.nc,anb/sw_sum_power/data,/anb/sw_sum_power/time,HDF5 dimension reference,True,2,2,0,0,2,0,0.0,0.0,0.0,0.0,0.0,True,2,0.0,1.0,1.0,1.0,1.0,1.0,0,0.0,100.0,OK
27934,ANB,ANB_TOT_SUM_POWER,,MW,anb27934.nc,anb/tot_sum_power/data,/time,HDF5 dimension reference,True,50001,50001,0,0,0,7,-0.037282224744558334,1.6535022258758545,0.2351720512629778,0.0005548166809603572,0.5437153912539592,True,50001,-0.5,1.999999936844688,2.499999936844688,4.999999873689376e-05,4.999999873689376e-05,4.999999873689376e-05,0,0.0,100.0,OK
27934,ANU,ANU_ERRORS,errors,"error, neutr",anu27934.nc,anu/errors/data,/anu/errors/time,HDF5 dimension reference,True,38221,38221,0,0,217,0,0.0,5415873019904.0,3073614807903.002,3254000549888.0,1028578098534.562,True,38221,-0.09749999642372131,1.397499949671328,1.4949999460950494,9.999999747378752e-06,9.999999747378752e-06,0.004999999888241291,0,0.0,100.0,OK
27934,ANU,ANU_NEUTRONS,neutrons,neutrons/sec,anu27934.nc,anu/neutrons/data,/anu/neutrons/time,HDF5 dimension reference,True,38221,38221,0,0,217,51,-51287142400.0,64362576347136.0,36381244905190.25,38534333333504.0,12282616509300.18,True,38221,-0.09749999642372131,1.397499949671328,1.4949999460950494,9.999999747378752e-06,9.999999747378752e-06,0.004999999888241291,0,0.0,100.0,OK
27934,ANU,ANU_NEUTRONS_CB,neutrons_cb,neutrons/sec,anu27934.nc,anu/neutrons_cb/data,/time,HDF5 dimension reference,True,122880,122880,0,0,0,83497,-61323911168.0,64362576347136.0,11276611356121.367,-60884156416.0,18206109805845.88,True,122880,-0.10000000149011612,1.1287899674680375,1.2287899689581536,9.999999747378752e-06,9.999999747378752e-06,9.999999747378752e-06,0,0.0,100.0,OK
27934,ANU,ANU_NEUTRONS_DC,neutrons_dc,neutrons/sec,anu27934.nc,anu/neutrons_dc/data,/anu/neutrons_dc/time,HDF5 dimension reference,True,118881,118881,0,0,0,27228,-4383111118848.0,61729492959232.0,12280278129564.71,2303537446912.0,18148875770905.07,True,118881,-0.08000000566244125,1.1087999643059447,1.188799969968386,9.999999747378752e-06,9.999999747378752e-06,9.999999747378752e-06,0,0.0,100.0,OK
27935,AMC,AMC_PLASMA CURRENT,Plasma Current,kA,amc27935.nc,amc/plasma_current/data,/time,HDF5 dimension reference,True,30000,30000,0,0,0,19661,-27.6774959564209,733.0260620117188,44.07990075005317,-0.23567932099103928,156.62706668499828,True,30000,-1.999900221824646,3.9998996266076574,5.999799848432303,0.00019999999494757503,0.00019999999494757503,0.00019999999494757503,0,0.0,100.0,OK
27935,ANB,ANB_SS_SUM_POWER,,MW,anb27935.nc,anb/ss_sum_power/data,/time,HDF5 dimension reference,True,50001,50001,0,0,0,10,-0.02357996068894863,1.6744608879089355,0.21529380784731394,0.0005468982853926718,0.5244305405465347,True,50001,-0.5,1.999999936844688,2.499999936844688,4.999999873689376e-05,4.999999873689376e-05,4.999999873689376e-05,0,0.0,100.0,OK
27935,ANB,ANB_SW_SUM_POWER,,MW,anb27935.nc,anb/sw_sum_power/data,/anb/sw_sum_power/time,HDF5 dimension reference,True,2,2,0,0,2,0,0.0,0.0,0.0,0.0,0.0,True,2,0.0,1.0,1.0,1.0,1.0,1.0,0,0.0,100.0,OK
27935,ANB,ANB_TOT_SUM_POWER,,MW,anb27935.nc,anb/tot_sum_power/data,/time,HDF5 dimension reference,True,50001,50001,0,0,0,10,-0.02357996068894863,1.6744608879089355,0.21529380784731394,0.0005468982853926718,0.5244305405465347,True,50001,-0.5,1.999999936844688,2.499999936844688,4.999999873689376e-05,4.999999873689376e-05,4.999999873689376e-05,0,0.0,100.0,OK
27935,ANU,ANU_ERRORS,errors,"error, neutr",anu27935.nc,anu/errors/data,/anu/errors/time,HDF5 dimension reference,True,34728,34728,0,0,222,0,0.0,5592879464448.0,3256139955024.2324,3390897782784.0,1003005887638.3972,True,34728,-0.09749999642372131,1.3974999822676182,1.4949999786913395,9.999999747378752e-06,9.999999747378752e-06,0.004999999888241291,0,0.0,100.0,OK
27935,ANU,ANU_NEUTRONS,neutrons,neutrons/sec,anu27935.nc,anu/neutrons/data,/anu/neutrons/time,HDF5 dimension reference,True,34728,34728,0,0,222,72,-55295660032.0,66477298286592.0,38562169783789.62,40169868623872.0,11975720244315.959,True,34728,-0.09749999642372131,1.3974999822676182,1.4949999786913395,9.999999747378752e-06,9.999999747378752e-06,0.004999999888241291,0,0.0,100.0,OK
27935,ANU,ANU_NEUTRONS_CB,neutrons_cb,neutrons/sec,anu27935.nc,anu/neutrons_cb/data,/time,HDF5 dimension reference,True,122880,122880,0,0,0,86859,-61292310528.0,66477298286592.0,10860222261100.184,-60833681408.0,18516523914788.812,True,122880,-0.10000000149011612,1.1287899674680375,1.2287899689581536,9.999999747378752e-06,9.999999747378752e-06,9.999999747378752e-06,0,0.0,100.0,OK
27935,ANU,ANU_NEUTRONS_DC,neutrons_dc,neutrons/sec,anu27935.nc,anu/neutrons_dc/data,/anu/neutrons_dc/time,HDF5 dimension reference,True,118881,118881,0,0,0,28601,-4277603926016.0,63375551758336.0,11911453927250.4,2212378968064.0,18480758434227.03,True,118881,-0.08000000566244125,1.1087999643059447,1.188799969968386,9.999999747378752e-06,9.999999747378752e-06,9.999999747378752e-06,0,0.0,100.0,OK
27936,AMC,AMC_PLASMA CURRENT,Plasma Current,kA,amc27936.nc,amc/plasma_current/data,/time,HDF5 dimension reference,True,30000,30000,0,0,0,22899,-29.058223724365234,811.476318359375,46.68583945315786,-0.3918549567461014,162.36281365370198,True,30000,-1.999900221824646,3.9998996266076574,5.999799848432303,0.00019999999494757503,0.00019999999494757503,0.00019999999494757503,0,0.0,100.0,OK
27936,ANB,ANB_SS_SUM_POWER,,MW,anb27936.nc,anb/ss_sum_power/data,/time,HDF5 dimension reference,True,50001,50001,0,0,0,13,-0.01928931288421154,1.655889868736267,0.227661677765139,0.0005663692718371749,0.5370407138134009,True,50001,-0.5,1.999999936844688,2.499999936844688,4.999999873689376e-05,4.999999873689376e-05,4.999999873689376e-05,0,0.0,100.0,OK
27936,ANB,ANB_SW_SUM_POWER,,MW,anb27936.nc,anb/sw_sum_power/data,/anb/sw_sum_power/time,HDF5 dimension reference,True,2,2,0,0,2,0,0.0,0.0,0.0,0.0,0.0,True,2,0.0,1.0,1.0,1.0,1.0,1.0,0,0.0,100.0,OK
27936,ANB,ANB_TOT_SUM_POWER,,MW,anb27936.nc,anb/tot_sum_power/data,/time,HDF5 dimension reference,True,50001,50001,0,0,0,13,-0.01928931288421154,1.655889868736267,0.227661677765139,0.0005663692718371749,0.5370407138134009,True,50001,-0.5,1.999999936844688,2.499999936844688,4.999999873689376e-05,4.999999873689376e-05,4.999999873689376e-05,0,0.0,100.0,OK
27936,ANU,ANU_ERRORS,errors,"error, neutr",anu27936.nc,anu/errors/data,/anu/errors/time,HDF5 dimension reference,True,36724,36724,0,0,218,0,0.0,5703865991168.0,3189549671239.0195,3290171179008.0,1045032581043.0223,True,36724,-0.09749999642372131,1.3974999636411667,1.494999960064888,9.999999747378752e-06,9.999999747378752e-06,0.004999999888241291,0,0.0,100.0,OK
27936,ANU,ANU_NEUTRONS,neutrons,neutrons/sec,anu27936.nc,anu/neutrons/data,/anu/neutrons/time,HDF5 dimension reference,True,36724,36724,0,0,218,59,-53171048448.0,67803272970240.0,37766443989699.65,38966472474624.0,12478749827983.287,True,36724,-0.09749999642372131,1.3974999636411667,1.494999960064888,9.999999747378752e-06,9.999999747378752e-06,0.004999999888241291,0,0.0,100.0,OK
27936,ANU,ANU_NEUTRONS_CB,neutrons_cb,neutrons/sec,anu27936.nc,anu/neutrons_cb/data,/time,HDF5 dimension reference,True,122880,122880,0,0,0,84810,-61331451904.0,67803272970240.0,11249765846143.084,-60859031552.0,18608002945870.598,True,122880,-0.10000000149011612,1.1287899674680375,1.2287899689581536,9.999999747378752e-06,9.999999747378752e-06,9.999999747378752e-06,0,0.0,100.0,OK
27936,ANU,ANU_NEUTRONS_DC,neutrons_dc,neutrons/sec,anu27936.nc,anu/neutrons_dc/data,/anu/neutrons_dc/time,HDF5 dimension reference,True,118881,118881,0,0,0,27960,-4308077117440.0,64656186015744.0,12322923293150.145,2280238612480.0,18583331704923.41,True,118881,-0.08000000566244125,1.1087999643059447,1.188799969968386,9.999999747378752e-06,9.999999747378752e-06,9.999999747378752e-06,0,0.0,100.0,OK
27937,AMC,AMC_PLASMA CURRENT,Plasma Current,kA,amc27937.nc,amc/plasma_current/data,/time,HDF5 dimension reference,True,30000,30000,0,0,0,19603,-30.981761932373047,767.4951171875,38.97602172178865,-0.22193263471126556,147.7607959732804,True,30000,-1.999900221824646,3.9998996266076574,5.999799848432303,0.00019999999494757503,0.00019999999494757503,0.00019999999494757503,0,0.0,100.0,OK
27937,ANB,ANB_SS_SUM_POWER,,MW,anb27937.nc,anb/ss_sum_power/data,/time,HDF5 dimension reference,True,50001,50001,0,0,0,43,-0.046369750052690506,1.6512008905410767,0.15680649026389426,0.000554080936126411,0.45692500351569826,True,50001,-0.5,1.999999936844688,2.499999936844688,4.999999873689376e-05,4.999999873689376e-05,4.999999873689376e-05,0,0.0,100.0,OK
27937,ANB,ANB_SW_SUM_POWER,,MW,anb27937.nc,anb/sw_sum_power/data,/anb/sw_sum_power/time,HDF5 dimension reference,True,2,2,0,0,2,0,0.0,0.0,0.0,0.0,0.0,True,2,0.0,1.0,1.0,1.0,1.0,1.0,0,0.0,100.0,OK
27937,ANB,ANB_TOT_SUM_POWER,,MW,anb27937.nc,anb/tot_sum_power/data,/time,HDF5 dimension reference,True,50001,50001,0,0,0,43,-0.046369750052690506,1.6512008905410767,0.15680649026389426,0.000554080936126411,0.45692500351569826,True,50001,-0.5,1.999999936844688,2.499999936844688,4.999999873689376e-05,4.999999873689376e-05,4.999999873689376e-05,0,0.0,100.0,OK
27937,ANU,ANU_ERRORS,errors,"error, neutr",anu27937.nc,anu/errors/data,/anu/errors/time,HDF5 dimension reference,True,25247,25247,0,0,233,0,0.0,4904443183104.0,3207739372177.7153,3384772395008.0,902823178923.1205,True,25247,-0.09749999642372131,1.3974999692291021,1.4949999656528234,9.999999747378752e-06,9.999999747378752e-06,0.004999999888241291,0,0.0,100.0,OK
27937,ANU,ANU_NEUTRONS,neutrons,neutrons/sec,anu27937.nc,anu/neutrons/data,/anu/neutrons/time,HDF5 dimension reference,True,25247,25247,0,0,233,172,-55759257600.0,58252440109056.0,37985037635882.62,40096686407680.0,10774170801388.791,True,25247,-0.09749999642372131,1.3974999692291021,1.4949999656528234,9.999999747378752e-06,9.999999747378752e-06,0.004999999888241291,0,0.0,100.0,OK
27937,ANU,ANU_NEUTRONS_CB,neutrons_cb,neutrons/sec,anu27937.nc,anu/neutrons_cb/data,/time,HDF5 dimension reference,True,122880,122880,0,0,0,95155,-61379796992.0,58252440109056.0,7761288237613.0,-60917985280.0,16126662561074.445,True,122880,-0.10000000149011612,1.1287899674680375,1.2287899689581536,9.999999747378752e-06,9.999999747378752e-06,9.999999747378752e-06,0,0.0,100.0,OK
27937,ANU,ANU_NEUTRONS_DC,neutrons_dc,neutrons/sec,anu27937.nc,anu/neutrons_dc/data,/anu/neutrons_dc/time,HDF5 dimension reference,True,118881,118881,0,0,0,30904,-4389104254976.0,55757961691136.0,8759301444593.349,1674768678912.0,16037473975298.61,True,118881,-0.08000000566244125,1.1087999643059447,1.188799969968386,9.999999747378752e-06,9.999999747378752e-06,9.999999747378752e-06,0,0.0,100.0,OK
27938,AMC,AMC_PLASMA CURRENT,Plasma Current,kA,amc27938.nc,amc/plasma_current/data,/time,HDF5 dimension reference,True,30000,30000,0,0,0,20068,-27.484163284301758,746.8477783203125,45.31900905689349,-0.23252760618925095,159.55187126331361,True,30000,-1.999900221824646,3.9998996266076574,5.999799848432303,0.00019999999494757503,0.00019999999494757503,0.00019999999494757503,0,0.0,100.0,OK
27938,ANB,ANB_SS_SUM_POWER,,MW,anb27938.nc,anb/ss_sum_power/data,/time,HDF5 dimension reference,True,50001,50001,0,0,0,44,-0.02330358885228634,1.6695362329483032,0.2190296049949789,0.0005769077688455582,0.5291169974546182,True,50001,-0.5,1.999999936844688,2.499999936844688,4.999999873689376e-05,4.999999873689376e-05,4.999999873689376e-05,0,0.0,100.0,OK
27938,ANB,ANB_SW_SUM_POWER,,MW,anb27938.nc,anb/sw_sum_power/data,/anb/sw_sum_power/time,HDF5 dimension reference,True,2,2,0,0,2,0,0.0,0.0,0.0,0.0,0.0,True,2,0.0,1.0,1.0,1.0,1.0,1.0,0,0.0,100.0,OK
27938,ANB,ANB_TOT_SUM_POWER,,MW,anb27938.nc,anb/tot_sum_power/data,/time,HDF5 dimension reference,True,50001,50001,0,0,0,44,-0.02330358885228634,1.6695362329483032,0.2190296049949789,0.0005769077688455582,0.5291169974546182,True,50001,-0.5,1.999999936844688,2.499999936844688,4.999999873689376e-05,4.999999873689376e-05,4.999999873689376e-05,0,0.0,100.0,OK
27938,ANU,ANU_ERRORS,errors,"error, neutr",anu27938.nc,anu/errors/data,/anu/errors/time,HDF5 dimension reference,True,35227,35227,0,0,221,0,0.0,5667032137728.0,3194078006198.3545,3295211945984.0,1004279178016.6013,True,35227,-0.09749999642372131,1.3974999776110053,1.4949999740347266,9.999999747378752e-06,9.999999747378752e-06,0.004999999888241291,0,0.0,100.0,OK
27938,ANU,ANU_NEUTRONS,neutrons,neutrons/sec,anu27938.nc,anu/neutrons/data,/anu/neutrons/time,HDF5 dimension reference,True,35227,35227,0,0,221,54,-51056398336.0,67363210788864.0,37820664651402.54,39026694291456.0,11991212241067.326,True,35227,-0.09749999642372131,1.3974999776110053,1.4949999740347266,9.999999747378752e-06,9.999999747378752e-06,0.004999999888241291,0,0.0,100.0,OK
27938,ANU,ANU_NEUTRONS_CB,neutrons_cb,neutrons/sec,anu27938.nc,anu/neutrons_cb/data,/time,HDF5 dimension reference,True,122880,122880,0,0,0,86298,-61323325440.0,67363210788864.0,10803786102518.816,-60907896832.0,18291320735688.555,True,122880,-0.10000000149011612,1.1287899674680375,1.2287899689581536,9.999999747378752e-06,9.999999747378752e-06,9.999999747378752e-06,0,0.0,100.0,OK
27938,ANU,ANU_NEUTRONS_DC,neutrons_dc,neutrons/sec,anu27938.nc,anu/neutrons_dc/data,/anu/neutrons_dc/time,HDF5 dimension reference,True,118881,118881,0,0,0,28446,-4441513656320.0,63441087758336.0,11826926492185.717,2146802335744.0,18207938308657.324,True,118881,-0.08000000566244125,1.1087999643059447,1.188799969968386,9.999999747378752e-06,9.999999747378752e-06,9.999999747378752e-06,0,0.0,100.0,OK
